Employee ID,Work Hours (Weekly),Expected Tasks,Tasks Completed,Task Completion Rate,Task Complexity,Communication Frequency (Email),Communication Frequency (Meetings),Break Duration (Hours),Adjusted Task Completion,Productivity Score
1,47,13,7,0.54,3,20,4,7.5,1.62,14.1
2,50,10,10,1,1,25,7,7.5,1,16
3,35,10,7,0.7,3,16,4,7.5,2.1,11.1
4,38,11,7,0.64,1,16,4,7.5,0.64,11.1
5,38,15,8,0.53,3,26,5,7.5,1.59,13.7
6,42,10,7,0.7,1,17,8,7.5,0.7,12.9
7,44,14,9,0.64,3,15,6,7.5,1.92,13
8,54,10,8,0.8,2,28,2,7.5,1.6,16.7
9,53,10,9,0.9,1,12,3,7.5,0.9,13.2
10,39,10,8,0.8,3,23,5,7.5,2.4,13.6
11,41,14,9,0.64,3,30,8,7.5,1.92,15.8
12,47,14,7,0.5,3,24,3,7.5,1.5,14.6
13,36,14,13,0.93,3,10,6,7.5,2.79,10.8
14,41,14,9,0.64,2,30,6,7.5,1.28,15.2
15,42,10,9,0.9,2,29,5,7.5,1.8,15.2
16,49,11,10,0.91,1,22,5,7.5,0.91,14.8
17,52,13,6,0.46,1,22,2,7.5,0.46,14.6
18,40,13,7,0.54,3,22,4,7.5,1.62,13.1
19,48,10,9,0.9,1,15,2,7.5,0.9,12.6
20,43,12,11,0.92,3,12,5,7.5,2.76,12.4
21,44,13,6,0.46,1,16,2,7.5,0.46,11.8
22,55,14,7,0.5,1,26,7,7.5,0.5,17
23,54,12,12,1,3,12,7,7.5,3,15
24,51,11,9,0.82,2,11,7,7.5,1.64,13.7
25,54,15,11,0.73,3,23,3,7.5,2.19,16.1
26,40,12,8,0.67,2,24,6,7.5,1.34,13.8
27,50,11,8,0.73,1,27,6,7.5,0.73,16.1
28,50,12,10,0.83,2,30,8,7.5,1.66,17.5
29,35,13,12,0.92,3,12,2,7.5,2.76,10.2
30,53,14,7,0.5,1,21,7,7.5,0.5,15.7
31,38,11,6,0.55,2,23,4,7.5,1.1,12.7
32,52,11,9,0.82,2,27,8,7.5,1.64,17.3
33,54,12,7,0.58,3,12,5,7.5,1.74,14.1
34,54,14,7,0.5,1,23,6,7.5,0.5,16
35,54,10,6,0.6,1,11,2,7.5,0.6,12.9
36,49,11,8,0.73,2,15,8,7.5,1.46,14.2
37,42,14,7,0.5,2,25,5,7.5,1,14
38,35,10,6,0.6,2,28,8,7.5,1.2,13.9
39,36,11,8,0.73,1,16,8,7.5,0.73,11.5
40,44,14,12,0.86,2,16,6,7.5,1.72,13.1
41,35,15,11,0.73,2,28,7,7.5,1.46,13.8
42,45,11,8,0.73,1,26,8,7.5,0.73,15.3
43,55,13,12,0.92,1,14,2,7.5,0.92,13.8
44,38,14,12,0.86,3,15,5,7.5,2.58,11.9
45,46,12,11,0.92,1,17,4,7.5,0.92,13
46,53,12,10,0.83,1,13,2,7.5,0.83,13.2
47,37,15,14,0.93,3,12,2,7.5,2.79,10.6
48,35,10,7,0.7,1,25,2,7.5,0.7,11.9
49,35,13,13,1,3,10,6,7.5,3,10.6
50,39,15,12,0.8,1,15,4,7.5,0.8,11.2
51,40,10,9,0.9,3,11,7,7.5,2.7,11.9
52,41,12,12,1,2,13,4,7.5,2,11.7
53,43,14,10,0.71,2,10,8,7.5,1.42,12
54,55,15,12,0.8,2,17,7,7.5,1.6,15.7
55,52,13,11,0.85,3,27,2,7.5,2.55,16.5
56,50,11,8,0.73,2,19,7,7.5,1.46,15
57,39,15,13,0.87,1,13,8,7.5,0.87,11.6
58,44,15,6,0.4,3,22,2,7.5,1.2,13.3
59,45,11,9,0.82,1,15,4,7.5,0.82,12.4
60,36,14,8,0.57,1,19,5,7.5,0.57,11.5
61,36,12,9,0.75,1,11,2,7.5,0.75,9.4
62,42,15,13,0.87,3,21,4,7.5,2.61,13.7
63,44,15,9,0.6,1,15,6,7.5,0.6,12.5
64,38,10,9,0.9,2,20,4,7.5,1.8,12.4
65,41,12,9,0.75,3,14,5,7.5,2.25,12.2
66,46,14,13,0.93,2,17,2,7.5,1.86,13
67,49,12,8,0.67,3,29,7,7.5,2.01,17.1
68,53,10,9,0.9,1,28,4,7.5,0.9,16.6
69,35,10,6,0.6,2,29,3,7.5,1.2,13.1
70,49,13,11,0.85,3,16,2,7.5,2.55,13.7
71,38,15,12,0.8,1,23,2,7.5,0.8,12.2
72,47,13,12,0.92,1,21,3,7.5,0.92,13.8
73,45,13,8,0.62,3,16,2,7.5,1.86,12.6
74,55,15,9,0.6,3,21,6,7.5,1.8,16.4
75,46,12,10,0.83,3,18,6,7.5,2.49,14.2
76,39,15,12,0.8,3,13,5,7.5,2.4,11.6
77,41,11,11,1,2,12,7,7.5,2,12.1
78,39,12,9,0.75,3,17,8,7.5,2.25,13
79,50,15,11,0.73,1,12,5,7.5,0.73,12.9
80,55,10,8,0.8,2,24,4,7.5,1.6,16.5
81,38,13,7,0.54,1,15,4,7.5,0.54,10.9
82,47,14,14,1,1,26,6,7.5,1,15.5
83,39,11,10,0.91,3,28,2,7.5,2.73,14.1
84,55,12,10,0.83,2,18,7,7.5,1.66,15.9
85,43,11,11,1,3,27,7,7.5,3,15.8
86,49,14,8,0.57,1,28,3,7.5,0.57,15.5
87,50,15,10,0.67,3,24,7,7.5,2.01,16.3
88,55,13,10,0.77,3,16,6,7.5,2.31,15.6
89,38,13,7,0.54,3,23,5,7.5,1.62,13.1
90,50,10,7,0.7,3,13,5,7.5,2.1,13.7
91,48,15,15,1,3,22,5,7.5,3,15.5
92,51,15,10,0.67,3,16,7,7.5,2.01,14.9
93,52,12,10,0.83,2,25,7,7.5,1.66,16.7
94,40,10,9,0.9,3,14,3,7.5,2.7,11.7
95,44,11,11,1,2,10,5,7.5,2,11.9
96,38,14,8,0.57,3,21,5,7.5,1.71,12.7
97,35,15,9,0.6,2,16,4,7.5,1.2,10.7
98,40,14,9,0.64,1,16,2,7.5,0.64,11.1
99,35,15,15,1,2,29,7,7.5,2,14.2
100,52,10,10,1,2,30,2,7.5,2,16.8
101,53,10,7,0.7,1,16,3,7.5,0.7,13.9
102,39,11,9,0.82,3,26,5,7.5,2.46,14.2
103,37,13,13,1,3,10,4,7.5,3,10.7
104,51,14,11,0.79,2,13,8,7.5,1.58,14.3
105,38,15,8,0.53,3,15,2,7.5,1.59,10.9
106,37,15,6,0.4,3,25,3,7.5,1.2,12.7
107,45,10,6,0.6,1,17,4,7.5,0.6,12.7
108,48,15,9,0.6,3,26,5,7.5,1.8,15.8
109,51,14,13,0.93,3,21,3,7.5,2.79,15.4
110,42,13,7,0.54,2,18,7,7.5,1.08,13.1
111,44,14,9,0.64,3,10,8,7.5,1.92,12.4
112,35,13,7,0.54,3,11,8,7.5,1.62,10.7
113,45,13,9,0.69,2,30,4,7.5,1.38,15.6
114,53,12,9,0.75,2,24,2,7.5,1.5,15.7
115,46,11,10,0.91,2,26,6,7.5,1.82,15.6
116,37,14,10,0.71,3,12,2,7.5,2.13,10.3
117,37,13,11,0.85,3,30,6,7.5,2.55,14.9
118,38,14,8,0.57,3,18,8,7.5,1.71,12.7
119,38,10,8,0.8,3,28,8,7.5,2.4,15
120,53,11,10,0.91,3,28,8,7.5,2.73,18.1
121,49,11,6,0.55,3,21,3,7.5,1.65,14.5
122,38,10,8,0.8,2,16,4,7.5,1.6,11.5
123,55,10,7,0.7,2,29,4,7.5,1.4,17.4
124,52,14,6,0.43,3,20,8,7.5,1.29,15.8
125,53,12,12,1,1,12,8,7.5,1,14.3
126,49,14,12,0.86,2,16,4,7.5,1.72,13.7
127,44,14,9,0.64,3,30,5,7.5,1.92,15.8
128,36,13,13,1,2,13,2,7.5,2,10.2
129,39,14,9,0.64,1,13,6,7.5,0.64,11.1
130,45,11,11,1,2,17,5,7.5,2,13.4
131,46,15,11,0.73,2,14,8,7.5,1.46,13.4
132,43,12,9,0.75,2,14,3,7.5,1.5,11.8
133,46,10,8,0.8,2,19,3,7.5,1.6,13.5
134,37,11,8,0.73,3,14,7,7.5,2.19,11.7
135,54,10,9,0.9,1,11,7,7.5,0.9,14
136,51,13,8,0.62,3,27,5,7.5,1.86,16.6
137,35,14,10,0.71,2,20,8,7.5,1.42,12.4
138,35,13,9,0.69,2,26,7,7.5,1.38,13.4
139,41,10,6,0.6,2,10,6,7.5,1.2,11.1
140,54,14,14,1,1,23,3,7.5,1,15.7
141,49,15,6,0.4,1,26,7,7.5,0.4,15.8
142,45,15,7,0.47,3,15,7,7.5,1.41,13.2
143,54,14,10,0.71,2,12,7,7.5,1.42,14.4
144,43,13,7,0.54,1,10,2,7.5,0.54,10.5
145,48,10,6,0.6,2,19,3,7.5,1.2,13.7
146,37,12,10,0.83,3,17,6,7.5,2.49,12.2
147,38,13,10,0.77,3,26,7,7.5,2.31,14.4
148,37,11,7,0.64,1,24,2,7.5,0.64,12.1
149,46,11,9,0.82,3,29,5,7.5,2.46,16.2
150,48,11,8,0.73,1,15,8,7.5,0.73,13.7
151,51,10,10,1,2,22,6,7.5,2,15.8
152,43,11,11,1,1,25,2,7.5,1,13.6
153,43,11,10,0.91,3,29,7,7.5,2.73,16.1
154,54,14,8,0.57,2,28,2,7.5,1.14,16.5
155,43,14,14,1,3,20,2,7.5,3,13.4
156,37,14,8,0.57,2,12,6,7.5,1.14,10.7
157,55,10,7,0.7,2,26,7,7.5,1.4,17.4
158,38,11,11,1,2,21,4,7.5,2,12.6
159,47,13,13,1,2,13,8,7.5,2,13.7
160,49,11,11,1,3,19,3,7.5,3,14.6
161,35,14,10,0.71,1,19,4,7.5,0.71,11.1
162,39,15,12,0.8,2,20,7,7.5,1.6,13.1
163,38,11,11,1,3,30,3,7.5,3,14.7
164,48,14,9,0.64,3,19,6,7.5,1.92,14.6
165,46,11,6,0.55,3,29,3,7.5,1.65,15.5
166,48,15,15,1,1,14,8,7.5,1,13.7
167,48,10,8,0.8,3,24,7,7.5,2.4,16
168,46,12,12,1,3,25,6,7.5,3,15.8
169,51,12,6,0.5,1,11,2,7.5,0.5,12.2
170,49,11,11,1,3,10,8,7.5,3,13.8
171,51,13,6,0.46,3,25,5,7.5,1.38,16
172,54,11,7,0.64,1,25,4,7.5,0.64,16.1
173,36,15,11,0.73,1,23,4,7.5,0.73,12.1
174,43,11,9,0.82,1,19,6,7.5,0.82,13.2
175,35,12,7,0.58,2,27,3,7.5,1.16,12.7
176,39,11,7,0.64,1,20,3,7.5,0.64,11.9
177,41,11,9,0.82,2,20,5,7.5,1.64,13.1
178,48,14,6,0.43,2,27,2,7.5,0.86,15
179,42,11,6,0.55,1,17,3,7.5,0.55,11.9
180,50,14,8,0.57,2,12,3,7.5,1.14,12.7
181,44,10,9,0.9,3,17,7,7.5,2.7,13.9
182,53,13,11,0.85,3,26,2,7.5,2.55,16.5
183,43,11,6,0.55,1,22,5,7.5,0.55,13.5
184,50,14,6,0.43,2,22,3,7.5,0.86,14.6
185,46,15,12,0.8,3,20,8,7.5,2.4,15
186,41,15,9,0.6,2,11,6,7.5,1.2,11.3
187,50,14,13,0.93,2,18,2,7.5,1.86,14
188,36,15,11,0.73,3,10,3,7.5,2.19,9.9
189,47,15,6,0.4,1,21,5,7.5,0.4,14
190,38,11,9,0.82,2,21,4,7.5,1.64,12.5
191,53,12,10,0.83,3,20,6,7.5,2.49,16
192,50,12,12,1,1,29,7,7.5,1,16.8
193,38,11,10,0.91,2,25,6,7.5,1.82,13.8
194,45,11,6,0.55,2,11,6,7.5,1.1,12.1
195,47,12,8,0.67,2,28,6,7.5,1.34,16
196,41,11,7,0.64,2,21,4,7.5,1.28,13
197,38,11,8,0.73,1,27,4,7.5,0.73,13.3
198,40,12,8,0.67,2,30,4,7.5,1.34,14.6
199,46,14,14,1,3,17,4,7.5,3,13.8
200,35,10,9,0.9,3,19,8,7.5,2.7,12.7
201,46,11,9,0.82,3,14,8,7.5,2.46,13.8
202,43,12,10,0.83,1,30,5,7.5,0.83,15.2
203,55,15,12,0.8,3,21,3,7.5,2.4,16
204,45,11,7,0.64,2,24,4,7.5,1.28,14.4
205,46,11,10,0.91,2,11,4,7.5,1.82,12.2
206,40,14,13,0.93,3,24,5,7.5,2.79,14.2
207,50,10,7,0.7,1,10,2,7.5,0.7,11.9
208,43,11,10,0.91,1,25,5,7.5,0.91,14.2
209,37,10,9,0.9,2,11,2,7.5,1.8,10
210,54,12,6,0.5,2,10,8,7.5,1,14
211,54,12,11,0.92,3,29,8,7.5,2.76,18.6
212,49,15,15,1,1,15,6,7.5,1,13.7
213,55,13,6,0.46,3,15,5,7.5,1.38,14.8
214,38,14,13,0.93,2,19,6,7.5,1.86,12.6
215,38,12,11,0.92,2,25,2,7.5,1.84,13
216,42,15,11,0.73,3,28,5,7.5,2.19,15.1
217,44,11,10,0.91,1,19,2,7.5,0.91,12.6
218,44,11,11,1,2,17,2,7.5,2,12.7
219,44,12,12,1,2,19,6,7.5,2,13.8
220,38,13,6,0.46,1,18,2,7.5,0.46,11
221,49,15,9,0.6,2,11,3,7.5,1.2,12.3
222,53,14,12,0.86,1,23,4,7.5,0.86,15.6
223,47,15,6,0.4,1,18,8,7.5,0.4,14
224,38,13,13,1,2,23,5,7.5,2,13.2
225,44,10,10,1,3,27,6,7.5,3,15.8
226,45,14,11,0.79,2,30,4,7.5,1.58,15.7
227,48,14,7,0.5,2,10,6,7.5,1,12.5
228,42,11,8,0.73,2,28,3,7.5,1.46,14.4
229,42,14,9,0.64,2,26,7,7.5,1.28,14.8
230,36,14,6,0.43,3,17,4,7.5,1.29,11.2
231,47,11,9,0.82,3,24,5,7.5,2.46,15.4
232,37,14,8,0.57,3,29,7,7.5,1.71,14.5
233,37,13,9,0.69,1,18,2,7.5,0.69,10.9
234,36,14,7,0.5,3,17,7,7.5,1.5,11.9
235,40,12,7,0.58,1,23,2,7.5,0.58,12.5
236,43,14,7,0.5,2,18,4,7.5,1,12.6
237,39,14,13,0.93,3,11,6,7.5,2.79,11.6
238,35,10,6,0.6,3,19,8,7.5,1.8,12.4
239,46,10,10,1,3,26,8,7.5,3,16.5
240,37,15,10,0.67,3,21,5,7.5,2.01,12.7
241,40,13,8,0.62,3,17,2,7.5,1.86,11.8
242,51,10,9,0.9,2,17,4,7.5,1.8,14.4
243,43,15,14,0.93,3,16,4,7.5,2.79,13
244,36,13,13,1,1,15,3,7.5,1,10.5
245,52,15,7,0.47,1,21,7,7.5,0.47,15.4
246,51,10,8,0.8,3,14,5,7.5,2.4,14.2
247,38,10,7,0.7,1,10,5,7.5,0.7,10.1
248,43,11,6,0.55,3,19,6,7.5,1.65,13.5
249,55,13,12,0.92,2,27,6,7.5,1.84,17.6
250,39,15,15,1,1,18,4,7.5,1,11.9
251,51,14,14,1,3,26,3,7.5,3,16.5
252,38,10,9,0.9,1,13,4,7.5,0.9,10.6
253,42,13,6,0.46,3,13,6,7.5,1.38,12
254,38,14,9,0.64,1,17,2,7.5,0.64,10.9
255,53,10,9,0.9,2,15,3,7.5,1.8,14.2
256,52,12,7,0.58,1,13,8,7.5,0.58,14.1
257,36,14,7,0.5,1,18,7,7.5,0.5,11.6
258,53,10,7,0.7,1,13,5,7.5,0.7,13.7
259,52,10,8,0.8,1,11,2,7.5,0.8,12.6
260,55,15,8,0.53,3,13,2,7.5,1.59,13.9
261,37,14,10,0.71,2,21,7,7.5,1.42,12.8
262,40,13,8,0.62,2,13,5,7.5,1.24,11.3
263,40,11,7,0.64,1,24,7,7.5,0.64,13.7
264,47,15,15,1,1,22,4,7.5,1,14.2
265,47,10,7,0.7,2,10,3,7.5,1.4,11.8
266,37,13,13,1,2,17,8,7.5,2,12.5
267,50,12,11,0.92,2,28,2,7.5,1.84,16
268,42,15,10,0.67,2,10,7,7.5,1.34,11.6
269,42,14,6,0.43,1,25,7,7.5,0.43,14.2
270,46,13,9,0.69,2,17,4,7.5,1.38,13.2
271,52,13,13,1,1,11,5,7.5,1,13.2
272,41,13,13,1,1,12,4,7.5,1,11
273,42,11,10,0.91,2,23,8,7.5,1.82,14.6
274,53,11,7,0.64,3,27,2,7.5,1.92,16.4
275,46,15,12,0.8,1,13,3,7.5,0.8,12
276,54,15,14,0.93,2,11,3,7.5,1.86,13.6
277,52,12,10,0.83,1,16,5,7.5,0.83,14.2
278,44,10,6,0.6,3,12,4,7.5,1.8,12
279,49,11,11,1,2,18,6,7.5,2,14.7
280,44,15,10,0.67,1,16,3,7.5,0.67,12.1
281,53,11,11,1,3,19,6,7.5,3,16
282,35,11,6,0.55,3,15,4,7.5,1.65,10.7
283,44,11,10,0.91,1,26,4,7.5,0.91,14.4
284,46,15,12,0.8,2,26,6,7.5,1.6,15.5
285,52,15,6,0.4,2,14,5,7.5,0.8,13.8
286,44,12,6,0.5,1,24,6,7.5,0.5,14.2
287,35,13,12,0.92,3,16,2,7.5,2.76,11
288,51,14,13,0.93,3,10,6,7.5,2.79,13.8
289,45,14,7,0.5,3,24,6,7.5,1.5,14.8
290,39,13,13,1,3,19,5,7.5,3,13
291,55,10,10,1,1,14,2,7.5,1,13.8
292,38,12,7,0.58,3,25,4,7.5,1.74,13.3
293,54,12,6,0.5,1,28,2,7.5,0.5,16.2
294,43,11,11,1,2,25,6,7.5,2,14.8
295,49,13,10,0.77,2,12,7,7.5,1.54,13.5
296,35,11,6,0.55,3,14,4,7.5,1.65,10.5
297,54,14,7,0.5,3,17,8,7.5,1.5,15.6
298,43,14,10,0.71,3,27,5,7.5,2.13,15.1
299,42,13,10,0.77,2,21,4,7.5,1.54,13.3
300,48,14,7,0.5,1,19,5,7.5,0.5,13.8
301,52,15,14,0.93,1,25,6,7.5,0.93,16.2
302,55,12,6,0.5,1,30,2,7.5,0.5,16.8
303,35,11,10,0.91,3,20,2,7.5,2.73,11.7
304,46,12,8,0.67,1,28,2,7.5,0.67,14.7
305,39,13,8,0.62,3,14,7,7.5,1.86,12
306,35,13,9,0.69,2,10,2,7.5,1.38,9.2
307,45,14,14,1,1,27,2,7.5,1,14.4
308,49,10,10,1,3,16,3,7.5,3,14
309,55,15,10,0.67,1,14,6,7.5,0.67,14.5
310,53,10,6,0.6,2,21,2,7.5,1.2,14.9
311,39,13,8,0.62,1,10,7,7.5,0.62,10.7
312,38,12,11,0.92,1,26,2,7.5,0.92,12.8
313,54,15,15,1,2,12,5,7.5,2,14.3
314,42,11,7,0.64,3,20,6,7.5,1.92,13.6
315,43,10,10,1,3,17,5,7.5,3,13.4
316,48,10,9,0.9,3,16,2,7.5,2.7,13.5
317,40,12,12,1,1,17,8,7.5,1,12.6
318,35,13,7,0.54,1,10,6,7.5,0.54,9.7
319,43,14,14,1,3,19,6,7.5,3,14
320,50,15,10,0.67,3,21,6,7.5,2.01,15.5
321,50,12,11,0.92,1,22,4,7.5,0.92,14.8
322,46,13,9,0.69,3,30,3,7.5,2.07,15.9
323,39,15,7,0.47,3,27,3,7.5,1.41,13.6
324,42,15,14,0.93,1,14,2,7.5,0.93,11.2
325,48,11,7,0.64,2,19,3,7.5,1.28,13.8
326,45,13,11,0.85,1,25,6,7.5,0.85,14.8
327,55,14,13,0.93,3,15,4,7.5,2.79,15.2
328,49,13,10,0.77,3,19,3,7.5,2.31,14.4
329,52,13,9,0.69,2,26,8,7.5,1.38,17
330,54,12,12,1,2,16,3,7.5,2,14.7
331,38,14,10,0.71,1,14,8,7.5,0.71,11.5
332,44,14,10,0.71,2,14,4,7.5,1.42,12.2
333,53,10,6,0.6,3,27,5,7.5,1.8,17
334,37,10,8,0.8,3,21,2,7.5,2.4,12.2
335,54,11,11,1,3,17,6,7.5,3,15.8
336,46,11,9,0.82,3,21,7,7.5,2.46,15
337,53,14,7,0.5,2,23,4,7.5,1,15.7
338,48,15,8,0.53,3,21,5,7.5,1.59,14.7
339,36,15,13,0.87,3,20,7,7.5,2.61,12.9
340,41,13,6,0.46,3,10,2,7.5,1.38,10.4
341,45,10,9,0.9,1,11,8,7.5,0.9,12.4
342,51,11,10,0.91,1,22,5,7.5,0.91,15.2
343,51,14,11,0.79,3,25,2,7.5,2.37,15.8
344,38,13,10,0.77,2,12,3,7.5,1.54,10.5
345,52,12,8,0.67,2,20,4,7.5,1.34,15
346,45,13,10,0.77,1,20,2,7.5,0.77,13
347,44,10,8,0.8,1,22,4,7.5,0.8,13.6
348,47,15,8,0.53,2,20,4,7.5,1.06,13.9
349,48,13,7,0.54,1,20,7,7.5,0.54,14.5
350,41,10,7,0.7,1,18,5,7.5,0.7,12.3
351,41,12,7,0.58,3,24,6,7.5,1.74,14.1
352,42,13,10,0.77,2,17,8,7.5,1.54,13.3
353,43,12,9,0.75,3,25,5,7.5,2.25,14.8
354,48,10,9,0.9,1,23,7,7.5,0.9,15.2
355,42,10,7,0.7,1,19,5,7.5,0.7,12.7
356,51,10,7,0.7,1,18,6,7.5,0.7,14.5
357,50,15,13,0.87,1,22,7,7.5,0.87,15.4
358,43,14,13,0.93,2,26,6,7.5,1.86,15
359,38,10,8,0.8,2,26,5,7.5,1.6,13.7
360,41,11,6,0.55,2,21,4,7.5,1.1,12.9
361,52,13,12,0.92,2,10,3,7.5,1.84,13
362,42,15,9,0.6,3,22,6,7.5,1.8,14
363,55,14,6,0.43,3,12,3,7.5,1.29,13.8
364,37,12,7,0.58,3,22,8,7.5,1.74,13.3
365,51,12,11,0.92,1,29,4,7.5,0.92,16.4
366,53,11,11,1,2,23,6,7.5,2,16.5
367,48,13,13,1,2,17,2,7.5,2,13.5
368,39,15,11,0.73,2,29,2,7.5,1.46,13.8
369,39,11,11,1,3,13,8,7.5,3,12.4
370,47,15,11,0.73,1,30,5,7.5,0.73,15.9
371,52,13,11,0.85,1,18,3,7.5,0.85,14.2
372,55,15,15,1,1,20,2,7.5,1,15
373,36,12,11,0.92,3,19,5,7.5,2.76,12.4
374,40,11,8,0.73,2,12,5,7.5,1.46,11.2
375,36,12,6,0.5,3,24,5,7.5,1.5,12.8
376,54,13,10,0.77,2,21,7,7.5,1.54,16.3
377,54,11,10,0.91,1,18,4,7.5,0.91,14.8
378,42,15,14,0.93,2,30,3,7.5,1.86,15
379,44,11,7,0.64,1,14,6,7.5,0.64,12.3
380,52,14,11,0.79,1,25,5,7.5,0.79,16
381,44,14,12,0.86,1,17,6,7.5,0.86,13
382,35,13,13,1,2,16,2,7.5,2,10.6
383,54,13,10,0.77,3,29,8,7.5,2.31,18.4
384,39,11,8,0.73,1,21,8,7.5,0.73,13.1
385,52,15,13,0.87,2,16,4,7.5,1.74,14.3
386,55,14,12,0.86,1,10,7,7.5,0.86,14
387,51,13,6,0.46,2,15,6,7.5,0.92,14
388,38,11,10,0.91,3,19,5,7.5,2.73,12.7
389,45,15,6,0.4,1,30,4,7.5,0.4,15.2
390,36,13,9,0.69,1,21,5,7.5,0.69,11.9
391,55,10,6,0.6,1,21,4,7.5,0.6,15.5
392,39,14,11,0.79,3,13,6,7.5,2.37,11.8
393,39,13,10,0.77,2,10,6,7.5,1.54,10.9
394,51,15,14,0.93,1,27,2,7.5,0.93,15.6
395,51,15,15,1,1,15,7,7.5,1,14.3
396,50,12,8,0.67,3,25,3,7.5,2.01,15.7
397,45,11,7,0.64,2,11,8,7.5,1.28,12.6
398,48,11,7,0.64,3,11,7,7.5,1.92,13.2
399,43,14,11,0.79,3,18,8,7.5,2.37,14
400,46,14,6,0.43,1,21,5,7.5,0.43,13.8
401,55,15,7,0.47,2,17,5,7.5,0.94,15
402,41,11,8,0.73,1,21,2,7.5,0.73,12.3
403,44,15,15,1,1,29,7,7.5,1,15.7
404,50,15,13,0.87,3,15,4,7.5,2.61,14.1
405,38,13,13,1,3,28,8,7.5,3,15.2
406,54,14,10,0.71,1,25,7,7.5,0.71,16.7
407,47,14,11,0.79,3,29,4,7.5,2.37,16.2
408,53,11,8,0.73,3,23,6,7.5,2.19,16.5
409,52,11,8,0.73,2,18,8,7.5,1.46,15.4
410,45,13,10,0.77,1,14,6,7.5,0.77,12.6
411,37,11,9,0.82,1,26,5,7.5,0.82,13.2
412,36,10,9,0.9,2,20,3,7.5,1.8,11.8
413,46,15,6,0.4,3,30,5,7.5,1.2,15.9
414,38,13,11,0.85,2,26,7,7.5,1.7,14.1
415,47,15,14,0.93,2,12,4,7.5,1.86,12.6
416,39,12,11,0.92,2,30,3,7.5,1.84,14.4
417,36,13,7,0.54,3,23,3,7.5,1.62,12.3
418,52,10,6,0.6,2,21,2,7.5,1.2,14.7
419,35,12,6,0.5,1,30,6,7.5,0.5,13.6
420,42,13,11,0.85,3,23,3,7.5,2.55,13.9
421,39,11,11,1,2,25,7,7.5,2,14.3
422,38,12,10,0.83,2,11,5,7.5,1.66,10.7
423,40,14,6,0.43,2,18,4,7.5,0.86,12
424,41,11,11,1,2,13,6,7.5,2,12.1
425,38,13,13,1,2,29,7,7.5,2,14.8
426,37,11,7,0.64,2,22,5,7.5,1.28,12.6
427,43,11,6,0.55,1,28,4,7.5,0.55,14.5
428,36,11,9,0.82,3,22,5,7.5,2.46,12.8
429,39,14,14,1,1,20,5,7.5,1,12.5
430,35,11,11,1,2,19,6,7.5,2,12
431,48,14,11,0.79,2,24,4,7.5,1.58,15.1
432,54,13,10,0.77,2,23,5,7.5,1.54,16.3
433,44,10,10,1,1,15,3,7.5,1,12
434,40,14,14,1,2,23,7,7.5,2,14
435,36,11,7,0.64,1,18,7,7.5,0.64,11.7
436,42,14,12,0.86,3,17,6,7.5,2.58,13.3
437,43,12,8,0.67,1,19,2,7.5,0.67,12.3
438,55,13,10,0.77,1,24,3,7.5,0.77,16
439,42,11,6,0.55,3,26,4,7.5,1.65,14.3
440,38,12,8,0.67,2,28,7,7.5,1.34,14.4
441,47,12,11,0.92,1,17,3,7.5,0.92,13
442,38,14,11,0.79,3,13,5,7.5,2.37,11.4
443,41,12,9,0.75,1,20,2,7.5,0.75,12.2
444,55,11,9,0.82,1,27,8,7.5,0.82,17.6
445,42,15,10,0.67,3,15,8,7.5,2.01,13.1
446,54,12,10,0.83,1,11,6,7.5,0.83,13.8
447,35,12,12,1,3,27,8,7.5,3,14.4
448,40,14,11,0.79,1,12,8,7.5,0.79,11.6
449,46,11,9,0.82,2,30,7,7.5,1.64,16.5
450,44,15,14,0.93,3,13,8,7.5,2.79,13.4
451,54,10,8,0.8,2,11,2,7.5,1.6,13.3
452,42,13,6,0.46,1,21,7,7.5,0.46,13.4
453,40,10,9,0.9,2,11,3,7.5,1.8,10.8
454,43,10,6,0.6,3,12,2,7.5,1.8,11.4
455,46,11,9,0.82,1,27,4,7.5,0.82,15
456,49,11,6,0.55,3,17,7,7.5,1.65,14.5
457,35,12,8,0.67,1,18,5,7.5,0.67,11.1
458,43,13,9,0.69,2,28,5,7.5,1.38,15
459,54,14,10,0.71,2,19,4,7.5,1.42,15.2
460,41,11,10,0.91,3,25,5,7.5,2.73,14.5
461,45,11,10,0.91,3,11,8,7.5,2.73,13.1
462,54,12,12,1,1,19,8,7.5,1,15.8
463,37,13,9,0.69,3,16,6,7.5,2.07,11.9
464,35,15,10,0.67,3,22,5,7.5,2.01,12.5
465,54,14,7,0.5,2,25,8,7.5,1,17
466,49,13,8,0.62,3,28,5,7.5,1.86,16.4
467,35,13,11,0.85,3,23,7,7.5,2.55,13.3
468,54,12,11,0.92,1,11,3,7.5,0.92,13.2
469,41,15,12,0.8,2,24,2,7.5,1.6,13.3
470,36,10,7,0.7,2,18,5,7.5,1.4,11.6
471,47,11,9,0.82,1,14,3,7.5,0.82,12.4
472,53,10,9,0.9,2,24,4,7.5,1.8,16.2
473,48,10,8,0.8,1,23,7,7.5,0.8,15.2
474,44,10,6,0.6,1,24,6,7.5,0.6,14.3
475,39,12,12,1,3,10,4,7.5,3,11
476,52,14,7,0.5,3,28,8,7.5,1.5,17.4
477,38,15,7,0.47,1,15,6,7.5,0.47,11.2
478,37,13,11,0.85,3,28,3,7.5,2.55,13.9
479,55,10,7,0.7,3,19,4,7.5,2.1,15.7
480,48,14,14,1,2,11,3,7.5,2,12.5
481,50,12,9,0.75,2,30,8,7.5,1.5,17.4
482,39,14,9,0.64,3,18,6,7.5,1.92,12.6
483,44,15,8,0.53,1,18,5,7.5,0.53,12.9
484,39,12,9,0.75,1,29,3,7.5,0.75,13.8
485,52,13,9,0.69,3,17,2,7.5,2.07,14.3
486,53,11,9,0.82,3,28,5,7.5,2.46,17.4
487,48,11,6,0.55,1,27,5,7.5,0.55,15.5
488,48,13,6,0.46,2,20,2,7.5,0.92,13.6
489,37,15,15,1,2,21,4,7.5,2,12.5
490,38,12,9,0.75,1,11,2,7.5,0.75,9.8
491,44,11,11,1,3,11,7,7.5,3,12.8
492,47,15,10,0.67,2,16,5,7.5,1.34,13.4
493,50,15,14,0.93,1,29,4,7.5,0.93,16.2
494,37,10,6,0.6,3,16,4,7.5,1.8,11.4
495,54,15,9,0.6,3,15,6,7.5,1.8,15
496,41,12,10,0.83,2,14,8,7.5,1.66,12.5
497,49,11,6,0.55,3,12,2,7.5,1.65,12.5
498,51,11,6,0.55,1,18,8,7.5,0.55,14.9
499,50,10,9,0.9,1,18,5,7.5,0.9,14.2
500,43,13,13,1,1,26,3,7.5,1,14
501,35,11,6,0.55,1,17,6,7.5,0.55,11.1
502,45,15,14,0.93,3,18,7,7.5,2.79,14.4
503,46,10,7,0.7,1,30,7,7.5,0.7,16.1
504,48,14,12,0.86,2,19,3,7.5,1.72,13.9
505,42,13,11,0.85,3,16,4,7.5,2.55,12.7
506,41,12,6,0.5,3,24,5,7.5,1.5,13.8
507,48,13,12,0.92,3,29,7,7.5,2.76,17.2
508,50,11,11,1,1,17,7,7.5,1,14.4
509,44,11,8,0.73,3,30,5,7.5,2.19,15.9
510,41,10,9,0.9,1,28,8,7.5,0.9,15
511,46,11,11,1,1,13,8,7.5,1,13
512,53,13,9,0.69,3,10,2,7.5,2.07,13.1
513,42,15,13,0.87,3,30,5,7.5,2.61,15.7
514,36,10,8,0.8,1,10,5,7.5,0.8,9.8
515,44,14,12,0.86,3,22,8,7.5,2.58,15.1
516,37,14,6,0.43,3,14,8,7.5,1.29,11.6
517,53,15,10,0.67,1,28,2,7.5,0.67,16.1
518,49,15,14,0.93,1,12,2,7.5,0.93,12.2
519,40,14,10,0.71,3,28,5,7.5,2.13,14.7
520,39,10,7,0.7,1,28,5,7.5,0.7,13.9
521,53,13,8,0.62,1,24,6,7.5,0.62,16.1
522,49,10,8,0.8,2,17,3,7.5,1.6,13.7
523,53,15,14,0.93,3,21,8,7.5,2.79,16.8
524,36,12,9,0.75,3,20,8,7.5,2.25,13
525,47,10,8,0.8,3,16,6,7.5,2.4,14
526,35,11,10,0.91,3,19,6,7.5,2.73,12.3
527,44,14,9,0.64,3,10,4,7.5,1.92,11.6
528,51,10,10,1,1,12,5,7.5,1,13.3
529,37,12,8,0.67,3,27,6,7.5,2.01,14.1
530,43,11,10,0.91,3,20,8,7.5,2.73,14.5
531,54,13,13,1,2,30,8,7.5,2,18.5
532,45,10,7,0.7,1,16,8,7.5,0.7,13.3
533,51,14,14,1,3,13,5,7.5,3,14.3
534,36,11,7,0.64,3,18,6,7.5,1.92,12
535,35,10,6,0.6,3,22,4,7.5,1.8,12.2
536,40,11,10,0.91,3,17,5,7.5,2.73,12.7
537,37,11,9,0.82,1,10,3,7.5,0.82,9.6
538,50,11,6,0.55,2,21,4,7.5,1.1,14.7
539,38,12,9,0.75,2,12,2,7.5,1.5,10.3
540,49,10,7,0.7,3,11,8,7.5,2.1,13.7
541,40,15,10,0.67,2,26,3,7.5,1.34,13.6
542,46,11,9,0.82,2,21,8,7.5,1.64,14.9
543,54,10,6,0.6,2,15,7,7.5,1.2,14.9
544,41,11,8,0.73,2,24,7,7.5,1.46,14.2
545,55,14,10,0.71,2,21,8,7.5,1.42,16.6
546,41,10,7,0.7,1,20,6,7.5,0.7,12.9
547,54,10,10,1,1,29,8,7.5,1,17.8
548,41,14,11,0.79,1,14,5,7.5,0.79,11.6
549,37,10,6,0.6,2,30,5,7.5,1.2,14.1
550,41,11,6,0.55,1,17,3,7.5,0.55,11.7
551,40,12,12,1,2,11,8,7.5,2,11.9
552,40,10,7,0.7,2,15,8,7.5,1.4,12.4
553,48,14,7,0.5,1,27,2,7.5,0.5,14.8
554,44,12,11,0.92,3,26,5,7.5,2.76,15.4
555,39,10,7,0.7,2,26,7,7.5,1.4,14.2
556,48,15,10,0.67,2,10,2,7.5,1.34,11.8
557,52,11,11,1,1,28,2,7.5,1,16
558,38,15,7,0.47,2,13,4,7.5,0.94,10.6
559,48,13,12,0.92,2,11,8,7.5,1.84,13.4
560,54,15,11,0.73,2,16,3,7.5,1.46,14.4
561,43,13,12,0.92,1,30,3,7.5,0.92,14.8
562,48,12,7,0.58,3,10,3,7.5,1.74,12.1
563,40,14,11,0.79,3,18,7,7.5,2.37,13.2
564,51,10,9,0.9,1,16,6,7.5,0.9,14.2
565,49,13,12,0.92,2,21,3,7.5,1.84,14.6
566,40,15,13,0.87,3,14,5,7.5,2.61,12.1
567,36,13,7,0.54,1,15,5,7.5,0.54,10.7
568,40,10,8,0.8,1,17,3,7.5,0.8,11.6
569,41,10,6,0.6,2,29,5,7.5,1.2,14.7
570,47,14,12,0.86,2,20,4,7.5,1.72,14.1
571,45,10,9,0.9,1,15,6,7.5,0.9,12.8
572,49,13,9,0.69,1,15,7,7.5,0.69,13.7
573,43,10,9,0.9,1,14,6,7.5,0.9,12.2
574,42,11,6,0.55,3,20,8,7.5,1.65,13.9
575,48,13,12,0.92,2,22,2,7.5,1.84,14.4
576,40,12,10,0.83,1,26,2,7.5,0.83,13.2
577,50,14,13,0.93,2,15,7,7.5,1.86,14.4
578,45,13,12,0.92,3,23,6,7.5,2.76,15.2
579,38,10,10,1,1,21,3,7.5,1,12
580,45,14,14,1,2,20,8,7.5,2,14.7
581,53,14,9,0.64,3,17,3,7.5,1.92,14.6
582,38,15,13,0.87,1,10,4,7.5,0.87,10
583,49,12,8,0.67,2,26,8,7.5,1.34,16.4
584,53,15,14,0.93,1,30,7,7.5,0.93,17.6
585,40,11,9,0.82,2,24,7,7.5,1.64,14.1
586,39,11,9,0.82,2,10,6,7.5,1.64,10.9
587,52,10,7,0.7,3,24,7,7.5,2.1,16.7
588,40,11,6,0.55,3,13,5,7.5,1.65,11.5
589,38,14,11,0.79,3,25,8,7.5,2.37,14.4
590,40,15,10,0.67,3,18,5,7.5,2.01,12.7
591,43,10,10,1,3,13,2,7.5,3,12
592,39,11,7,0.64,2,14,7,7.5,1.28,11.8
593,52,10,7,0.7,3,30,6,7.5,2.1,17.7
594,36,14,14,1,2,24,2,7.5,2,12.4
595,53,15,14,0.93,2,14,4,7.5,1.86,14.2
596,36,14,9,0.64,1,27,8,7.5,0.64,13.7
597,49,13,13,1,2,29,8,7.5,2,17.2
598,52,11,8,0.73,2,13,7,7.5,1.46,14.2
599,42,11,9,0.82,3,28,8,7.5,2.46,15.8
600,46,12,10,0.83,2,11,2,7.5,1.66,11.7
601,49,11,6,0.55,3,22,4,7.5,1.65,14.9
602,51,10,6,0.6,2,30,6,7.5,1.2,17.1
603,55,10,6,0.6,2,17,4,7.5,1.2,14.9
604,36,15,13,0.87,3,22,2,7.5,2.61,12.3
605,52,14,11,0.79,1,25,7,7.5,0.79,16.4
606,47,10,6,0.6,2,10,6,7.5,1.2,12.3
607,49,12,8,0.67,2,11,2,7.5,1.34,12.2
608,35,14,6,0.43,3,23,5,7.5,1.29,12.4
609,37,14,7,0.5,3,11,7,7.5,1.5,10.8
610,54,14,8,0.57,1,13,3,7.5,0.57,13.5
611,49,15,6,0.4,1,17,4,7.5,0.4,13.4
612,53,11,6,0.55,1,14,4,7.5,0.55,13.7
613,46,10,8,0.8,2,16,7,7.5,1.6,13.7
614,55,11,6,0.55,2,12,3,7.5,1.1,13.7
615,44,13,13,1,3,23,7,7.5,3,15.2
616,49,14,6,0.43,3,16,4,7.5,1.29,13.6
617,35,13,12,0.92,3,25,4,7.5,2.76,13.2
618,47,11,8,0.73,1,26,7,7.5,0.73,15.5
619,44,10,9,0.9,1,26,5,7.5,0.9,14.6
620,53,14,10,0.71,1,28,7,7.5,0.71,17.1
621,39,13,9,0.69,2,19,6,7.5,1.38,12.6
622,42,15,6,0.4,2,10,7,7.5,0.8,11.4
623,38,13,9,0.69,3,25,8,7.5,2.07,14.3
624,51,14,12,0.86,1,26,4,7.5,0.86,15.8
625,47,12,8,0.67,2,20,5,7.5,1.34,14.2
626,40,14,12,0.86,1,14,7,7.5,0.86,11.8
627,55,15,12,0.8,2,17,4,7.5,1.6,15.1
628,48,15,11,0.73,1,27,7,7.5,0.73,15.9
629,51,13,7,0.54,2,18,6,7.5,1.08,14.7
630,48,11,6,0.55,2,16,8,7.5,1.1,14.1
631,53,11,7,0.64,2,23,5,7.5,1.28,16
632,54,13,10,0.77,2,15,4,7.5,1.54,14.5
633,52,11,8,0.73,3,27,5,7.5,2.19,16.9
634,42,11,8,0.73,1,15,7,7.5,0.73,12.3
635,52,12,11,0.92,2,14,7,7.5,1.84,14.6
636,49,13,12,0.92,2,12,8,7.5,1.84,13.8
637,38,10,6,0.6,1,27,3,7.5,0.6,13.1
638,45,12,7,0.58,2,11,4,7.5,1.16,11.7
639,55,13,7,0.54,2,17,2,7.5,1.08,14.5
640,45,11,6,0.55,1,23,6,7.5,0.55,14.3
641,36,11,7,0.64,3,15,8,7.5,1.92,11.8
642,55,10,6,0.6,3,14,7,7.5,1.8,15.2
643,51,11,7,0.64,2,27,4,7.5,1.28,16.2
644,45,10,6,0.6,3,25,7,7.5,1.8,15.4
645,53,11,11,1,3,17,4,7.5,3,15.2
646,55,14,12,0.86,2,18,2,7.5,1.72,14.9
647,51,14,14,1,2,28,5,7.5,2,16.8
648,37,11,6,0.55,3,30,6,7.5,1.65,14.5
649,41,10,7,0.7,2,17,2,7.5,1.4,11.8
650,44,10,7,0.7,2,12,6,7.5,1.4,12.2
651,37,12,11,0.92,3,18,4,7.5,2.76,12.2
652,55,14,11,0.79,1,28,6,7.5,0.79,17.4
653,47,15,6,0.4,3,27,5,7.5,1.2,15.5
654,44,15,6,0.4,3,18,3,7.5,1.2,12.7
655,39,12,7,0.58,3,17,6,7.5,1.74,12.3
656,39,10,8,0.8,2,11,3,7.5,1.6,10.5
657,44,11,11,1,3,13,5,7.5,3,12.8
658,45,14,12,0.86,2,25,2,7.5,1.72,14.3
659,47,13,10,0.77,1,27,7,7.5,0.77,15.8
660,43,11,6,0.55,3,29,6,7.5,1.65,15.5
661,36,10,7,0.7,1,11,8,7.5,0.7,10.5
662,40,15,11,0.73,3,20,6,7.5,2.19,13.3
663,42,14,11,0.79,2,28,6,7.5,1.58,15.1
664,35,15,14,0.93,1,17,8,7.5,0.93,11.6
665,36,10,7,0.7,3,21,6,7.5,2.1,12.7
666,38,15,7,0.47,1,15,8,7.5,0.47,11.6
667,53,15,8,0.53,2,18,3,7.5,1.06,14.5
668,53,10,6,0.6,2,15,5,7.5,1.2,14.3
669,55,13,11,0.85,3,29,3,7.5,2.55,17.7
670,43,10,9,0.9,3,12,8,7.5,2.7,12.9
671,53,15,8,0.53,1,14,8,7.5,0.53,14.5
672,42,10,10,1,2,11,4,7.5,2,11.5
673,45,10,6,0.6,2,10,8,7.5,1.2,12.3
674,53,13,9,0.69,3,23,4,7.5,2.07,16.1
675,38,12,9,0.75,2,25,2,7.5,1.5,12.8
676,47,10,9,0.9,2,14,2,7.5,1.8,12.6
677,54,10,7,0.7,2,10,8,7.5,1.4,14.2
678,48,11,9,0.82,1,14,6,7.5,0.82,13.2
679,35,14,7,0.5,1,28,4,7.5,0.5,12.8
680,45,14,13,0.93,1,30,3,7.5,0.93,15.2
681,38,14,9,0.64,2,14,5,7.5,1.28,11.2
682,41,15,9,0.6,3,15,4,7.5,1.8,12
683,38,14,9,0.64,3,24,4,7.5,1.92,13.2
684,41,14,7,0.5,3,25,3,7.5,1.5,13.7
685,54,11,7,0.64,1,29,4,7.5,0.64,16.9
686,37,13,6,0.46,2,22,7,7.5,0.92,12.8
687,53,14,12,0.86,1,17,3,7.5,0.86,14.2
688,53,11,7,0.64,1,10,7,7.5,0.64,13.5
689,41,11,7,0.64,3,30,8,7.5,1.92,15.8
690,55,10,6,0.6,3,30,3,7.5,1.8,17.6
691,46,14,14,1,2,15,3,7.5,2,12.8
692,35,15,7,0.47,1,20,8,7.5,0.47,12
693,39,11,6,0.55,2,21,3,7.5,1.1,12.3
694,48,11,10,0.91,1,16,8,7.5,0.91,14
695,44,11,10,0.91,2,11,4,7.5,1.82,11.8
696,37,11,9,0.82,1,30,4,7.5,0.82,13.8
697,36,12,7,0.58,2,23,5,7.5,1.16,12.5
698,47,11,10,0.91,1,25,8,7.5,0.91,15.6
699,50,13,6,0.46,1,25,2,7.5,0.46,14.8
700,36,13,12,0.92,3,21,7,7.5,2.76,13.2
701,47,15,15,1,1,13,5,7.5,1,12.6
702,40,14,9,0.64,3,19,8,7.5,1.92,13.4
703,41,14,6,0.43,2,14,7,7.5,0.86,12
704,36,15,13,0.87,3,27,3,7.5,2.61,13.5
705,45,14,7,0.5,1,30,6,7.5,0.5,15.6
706,41,11,6,0.55,3,15,5,7.5,1.65,12.1
707,41,14,14,1,3,24,6,7.5,3,14.7
708,41,14,7,0.5,2,29,6,7.5,1,14.8
709,41,13,13,1,3,18,7,7.5,3,13.7
710,46,15,11,0.73,2,13,7,7.5,1.46,13
711,53,14,9,0.64,2,15,4,7.5,1.28,14.2
712,53,10,8,0.8,3,13,3,7.5,2.4,14
713,53,11,10,0.91,1,30,2,7.5,0.91,16.6
714,54,11,7,0.64,2,16,7,7.5,1.28,15.2
715,37,11,7,0.64,3,11,2,7.5,1.92,10
716,47,10,6,0.6,2,19,2,7.5,1.2,13.3
717,44,12,9,0.75,3,22,2,7.5,2.25,13.8
718,54,15,11,0.73,3,15,2,7.5,2.19,14.3
719,43,12,11,0.92,1,12,6,7.5,0.92,11.8
720,40,13,7,0.54,3,24,6,7.5,1.62,13.9
721,55,12,9,0.75,2,29,6,7.5,1.5,17.8
722,46,10,8,0.8,2,15,3,7.5,1.6,12.7
723,36,13,11,0.85,1,13,5,7.5,0.85,10.4
724,46,11,7,0.64,2,25,7,7.5,1.28,15.4
725,50,14,6,0.43,1,11,4,7.5,0.43,12.4
726,47,15,9,0.6,3,20,8,7.5,1.8,15
727,50,11,9,0.82,3,17,8,7.5,2.46,15.2
728,47,14,10,0.71,3,18,6,7.5,2.13,14.3
729,53,14,11,0.79,1,27,3,7.5,0.79,16.2
730,48,11,7,0.64,2,17,3,7.5,1.28,13.4
731,47,15,15,1,2,29,7,7.5,2,16.7
732,44,15,15,1,3,17,4,7.5,3,13.4
733,41,10,9,0.9,2,19,2,7.5,1.8,12.4
734,39,11,10,0.91,1,30,3,7.5,0.91,14
735,51,10,9,0.9,1,11,8,7.5,0.9,13.6
736,43,12,7,0.58,1,27,5,7.5,0.58,14.5
737,40,12,10,0.83,1,20,5,7.5,0.83,12.6
738,50,11,7,0.64,2,22,5,7.5,1.28,15.2
739,40,10,7,0.7,1,25,8,7.5,0.7,14.1
740,40,15,8,0.53,2,12,3,7.5,1.06,10.7
741,52,11,8,0.73,3,10,3,7.5,2.19,13.1
742,35,15,10,0.67,2,15,7,7.5,1.34,11.2
743,51,10,6,0.6,1,29,3,7.5,0.6,16.1
744,51,10,10,1,2,10,3,7.5,2,12.8
745,35,11,7,0.64,3,27,5,7.5,1.92,13.4
746,45,15,15,1,3,24,8,7.5,3,15.8
747,47,10,8,0.8,3,30,7,7.5,2.4,17
748,35,15,7,0.47,2,14,4,7.5,0.94,10.2
749,42,10,6,0.6,1,14,4,7.5,0.6,11.5
750,54,13,9,0.69,1,22,3,7.5,0.69,15.3
751,40,13,9,0.69,2,22,5,7.5,1.38,13.2
752,39,15,13,0.87,1,14,7,7.5,0.87,11.6
753,54,14,10,0.71,1,25,4,7.5,0.71,16.1
754,39,10,9,0.9,2,15,5,7.5,1.8,11.8
755,40,15,8,0.53,3,23,3,7.5,1.59,13.1
756,47,15,13,0.87,1,30,8,7.5,0.87,16.6
757,52,14,8,0.57,3,30,3,7.5,1.71,16.9
758,54,12,12,1,1,17,6,7.5,1,15
759,47,15,15,1,3,24,3,7.5,3,15.2
760,41,10,8,0.8,3,30,5,7.5,2.4,15.4
761,42,12,8,0.67,1,15,3,7.5,0.67,11.5
762,55,15,6,0.4,1,17,2,7.5,0.4,14.2
763,51,13,7,0.54,2,14,6,7.5,1.08,13.9
764,35,12,10,0.83,1,25,3,7.5,0.83,12.2
765,50,12,9,0.75,1,19,3,7.5,0.75,14
766,45,11,7,0.64,2,15,6,7.5,1.28,13
767,38,10,9,0.9,3,11,8,7.5,2.7,11.7
768,38,10,8,0.8,2,30,2,7.5,1.6,13.9
769,51,14,12,0.86,3,10,7,7.5,2.58,13.9
770,51,12,10,0.83,2,11,6,7.5,1.66,13.5
771,44,15,6,0.4,1,29,5,7.5,0.4,15
772,55,15,7,0.47,1,19,5,7.5,0.47,15.2
773,55,13,11,0.85,3,12,2,7.5,2.55,14.1
774,40,13,13,1,1,26,3,7.5,1,13.4
775,51,15,13,0.87,3,28,6,7.5,2.61,17.3
776,52,12,10,0.83,2,20,4,7.5,1.66,15.1
777,44,11,9,0.82,1,26,2,7.5,0.82,14
778,47,15,7,0.47,3,27,6,7.5,1.41,15.8
779,50,12,8,0.67,2,18,6,7.5,1.34,14.6
780,41,12,6,0.5,1,27,2,7.5,0.5,13.4
781,49,13,8,0.62,1,27,4,7.5,0.62,15.5
782,36,12,11,0.92,3,15,5,7.5,2.76,11.6
783,39,14,10,0.71,1,19,7,7.5,0.71,12.5
784,51,13,8,0.62,3,16,7,7.5,1.86,14.8
785,39,15,7,0.47,1,22,5,7.5,0.47,12.6
786,42,13,13,1,2,16,3,7.5,2,12.3
787,49,11,6,0.55,1,25,7,7.5,0.55,15.7
788,42,12,6,0.5,3,11,7,7.5,1.5,11.8
789,37,13,9,0.69,3,24,3,7.5,2.07,12.9
790,51,12,8,0.67,3,15,7,7.5,2.01,14.7
791,50,10,8,0.8,2,19,5,7.5,1.6,14.7
792,50,11,11,1,1,15,4,7.5,1,13.4
793,53,13,7,0.54,1,16,2,7.5,0.54,13.7
794,46,14,10,0.71,1,21,6,7.5,0.71,14.1
795,49,11,7,0.64,3,26,3,7.5,1.92,15.6
796,42,12,12,1,3,29,5,7.5,3,15.7
797,37,11,10,0.91,1,28,7,7.5,0.91,14
798,52,10,9,0.9,3,26,6,7.5,2.7,17.1
799,38,11,6,0.55,1,19,2,7.5,0.55,11.3
800,42,13,12,0.92,1,20,2,7.5,0.92,12.4
801,48,10,6,0.6,3,19,8,7.5,1.8,15
802,51,12,10,0.83,1,19,3,7.5,0.83,14.2
803,40,10,10,1,3,17,3,7.5,3,12.4
804,39,14,10,0.71,1,20,7,7.5,0.71,12.7
805,48,11,6,0.55,3,21,4,7.5,1.65,14.5
806,40,12,10,0.83,3,17,2,7.5,2.49,12
807,54,13,8,0.62,3,10,5,7.5,1.86,13.8
808,46,14,8,0.57,1,10,7,7.5,0.57,12.1
809,43,11,9,0.82,1,12,2,7.5,0.82,11
810,35,15,15,1,2,25,7,7.5,2,13.4
811,52,13,12,0.92,1,18,2,7.5,0.92,14
812,40,14,14,1,1,25,4,7.5,1,13.4
813,39,11,8,0.73,1,29,7,7.5,0.73,14.5
814,36,13,13,1,2,24,7,7.5,2,13.4
815,40,12,7,0.58,2,12,2,7.5,1.16,10.5
816,51,15,11,0.73,1,13,7,7.5,0.73,13.7
817,41,11,8,0.73,1,11,5,7.5,0.73,10.9
818,43,13,10,0.77,3,20,4,7.5,2.31,13.6
819,54,14,14,1,1,14,2,7.5,1,13.7
820,39,12,7,0.58,3,10,3,7.5,1.74,10.3
821,55,14,14,1,1,28,6,7.5,1,17.5
822,45,12,9,0.75,3,16,2,7.5,2.25,12.8
823,45,15,12,0.8,2,22,5,7.5,1.6,14.3
824,38,15,11,0.73,2,25,5,7.5,1.46,13.4
825,40,15,9,0.6,1,26,3,7.5,0.6,13.3
826,44,13,9,0.69,2,28,2,7.5,1.38,14.6
827,43,11,10,0.91,2,23,2,7.5,1.82,13.6
828,52,13,9,0.69,3,11,2,7.5,2.07,13.1
829,54,14,7,0.5,2,13,5,7.5,1,14
830,43,10,7,0.7,1,16,4,7.5,0.7,12.1
831,45,13,12,0.92,1,17,8,7.5,0.92,13.6
832,36,12,6,0.5,2,30,4,7.5,1,13.7
833,49,15,8,0.53,1,26,3,7.5,0.53,15.1
834,40,14,9,0.64,2,12,5,7.5,1.28,11.2
835,51,13,12,0.92,1,20,6,7.5,0.92,15
836,38,15,11,0.73,3,29,7,7.5,2.19,14.9
837,42,15,13,0.87,2,12,3,7.5,1.74,11.3
838,36,15,8,0.53,1,10,8,7.5,0.53,10.3
839,43,14,9,0.64,3,16,4,7.5,1.92,12.6
840,35,12,9,0.75,2,23,6,7.5,1.5,12.6
841,40,15,15,1,1,16,3,7.5,1,11.5
842,50,15,11,0.73,2,25,3,7.5,1.46,15.4
843,41,12,10,0.83,3,15,5,7.5,2.49,12.4
844,50,12,12,1,2,23,2,7.5,2,15
845,40,11,6,0.55,3,19,4,7.5,1.65,12.5
846,44,15,7,0.47,3,29,4,7.5,1.41,15.2
847,52,13,13,1,1,23,8,7.5,1,16.2
848,51,11,9,0.82,3,23,8,7.5,2.46,16.6
849,51,12,6,0.5,3,12,2,7.5,1.5,12.8
850,46,15,12,0.8,1,19,6,7.5,0.8,13.8
851,49,10,9,0.9,3,11,6,7.5,2.7,13.5
852,40,15,12,0.8,1,23,6,7.5,0.8,13.4
853,54,13,7,0.54,1,30,2,7.5,0.54,16.7
854,50,13,12,0.92,3,10,5,7.5,2.76,13.4
855,48,14,6,0.43,2,24,5,7.5,0.86,15
856,46,11,9,0.82,3,14,8,7.5,2.46,13.8
857,46,10,7,0.7,2,17,8,7.5,1.4,14
858,36,11,9,0.82,3,26,7,7.5,2.46,14
859,42,15,6,0.4,1,19,8,7.5,0.4,13.2
860,51,15,10,0.67,3,22,3,7.5,2.01,15.3
861,42,11,7,0.64,1,27,4,7.5,0.64,14.1
862,50,12,11,0.92,2,14,8,7.5,1.84,14.4
863,35,13,12,0.92,3,26,2,7.5,2.76,13
864,39,15,9,0.6,2,26,5,7.5,1.2,13.7
865,53,11,11,1,3,26,4,7.5,3,17
866,37,10,9,0.9,1,13,7,7.5,0.9,11
867,43,13,12,0.92,1,18,6,7.5,0.92,13
868,45,13,9,0.69,3,12,2,7.5,2.07,11.9
869,40,11,7,0.64,2,10,4,7.5,1.28,10.6
870,41,11,7,0.64,3,16,5,7.5,1.92,12.4
871,41,10,9,0.9,3,27,6,7.5,2.7,15.1
872,39,10,6,0.6,3,14,7,7.5,1.8,12
873,36,13,7,0.54,2,14,3,7.5,1.08,10.3
874,39,14,12,0.86,3,12,3,7.5,2.58,11.1
875,40,13,12,0.92,1,21,3,7.5,0.92,12.4
876,40,15,10,0.67,3,20,5,7.5,2.01,13.1
877,41,14,14,1,3,12,2,7.5,3,11.5
878,38,10,8,0.8,1,21,7,7.5,0.8,12.8
879,52,12,9,0.75,3,22,7,7.5,2.25,16.4
880,50,11,10,0.91,2,30,7,7.5,1.82,17.4
881,55,11,10,0.91,3,19,4,7.5,2.73,15.9
882,53,11,10,0.91,2,13,5,7.5,1.82,14.2
883,44,14,10,0.71,3,29,4,7.5,2.13,15.5
884,39,14,11,0.79,3,16,5,7.5,2.37,12.2
885,52,13,9,0.69,3,20,6,7.5,2.07,15.7
886,37,10,10,1,2,26,5,7.5,2,13.7
887,54,12,11,0.92,1,18,3,7.5,0.92,14.6
888,38,14,13,0.93,3,15,2,7.5,2.79,11.4
889,48,13,6,0.46,3,25,8,7.5,1.38,16
890,46,13,11,0.85,3,15,4,7.5,2.55,13.3
891,48,10,7,0.7,1,28,6,7.5,0.7,15.9
892,39,13,8,0.62,3,10,8,7.5,1.86,11.4
893,52,12,12,1,2,14,3,7.5,2,13.8
894,41,10,9,0.9,1,10,8,7.5,0.9,11.4
895,50,15,8,0.53,2,15,7,7.5,1.06,14.1
896,37,11,8,0.73,2,28,8,7.5,1.46,14.4
897,55,12,11,0.92,1,23,8,7.5,0.92,16.8
898,45,11,7,0.64,1,29,6,7.5,0.64,15.5
899,52,12,9,0.75,3,12,4,7.5,2.25,13.8
900,40,11,6,0.55,1,25,5,7.5,0.55,13.5
901,55,13,13,1,2,18,2,7.5,2,15
902,39,14,7,0.5,3,19,3,7.5,1.5,12
903,39,14,10,0.71,1,10,2,7.5,0.71,9.7
904,50,12,12,1,2,16,4,7.5,2,14
905,37,11,10,0.91,1,10,7,7.5,0.91,10.4
906,46,12,8,0.67,3,19,6,7.5,2.01,14.3
907,37,13,6,0.46,2,27,2,7.5,0.92,12.8
908,36,14,13,0.93,1,13,6,7.5,0.93,10.6
909,49,11,8,0.73,3,15,2,7.5,2.19,13.3
910,54,11,11,1,1,27,4,7.5,1,16.7
911,51,13,12,0.92,3,28,7,7.5,2.76,17.6
912,46,14,10,0.71,2,23,6,7.5,1.42,14.8
913,36,15,9,0.6,2,21,2,7.5,1.2,11.5
914,36,11,7,0.64,1,10,2,7.5,0.64,9.1
915,48,14,6,0.43,2,16,8,7.5,0.86,14
916,41,15,15,1,1,22,4,7.5,1,13
917,48,10,7,0.7,1,19,6,7.5,0.7,14.1
918,41,12,8,0.67,2,27,2,7.5,1.34,13.8
919,54,13,12,0.92,1,22,7,7.5,0.92,16.2
920,51,11,10,0.91,1,28,3,7.5,0.91,16
921,38,10,6,0.6,2,16,4,7.5,1.2,11.3
922,49,15,7,0.47,3,25,2,7.5,1.41,15
923,37,11,6,0.55,1,17,4,7.5,0.55,11.1
924,40,10,6,0.6,1,10,5,7.5,0.6,10.5
925,42,10,10,1,1,15,2,7.5,1,11.5
926,50,14,13,0.93,2,14,3,7.5,1.86,13.4
927,49,13,7,0.54,3,17,7,7.5,1.62,14.5
928,38,11,6,0.55,2,23,8,7.5,1.1,13.5
929,55,12,6,0.5,2,21,8,7.5,1,16.5
930,42,13,7,0.54,2,14,5,7.5,1.08,11.9
931,42,12,7,0.58,3,16,4,7.5,1.74,12.3
932,54,11,7,0.64,2,16,7,7.5,1.28,15.2
933,41,11,8,0.73,2,18,6,7.5,1.46,12.8
934,54,12,7,0.58,2,16,6,7.5,1.16,14.9
935,52,11,10,0.91,3,26,4,7.5,2.73,16.7
936,46,10,6,0.6,3,12,6,7.5,1.8,12.8
937,38,10,8,0.8,3,26,6,7.5,2.4,14.2
938,48,11,7,0.64,3,10,8,7.5,1.92,13.2
939,39,14,12,0.86,2,14,3,7.5,1.72,11.1
940,54,11,9,0.82,3,10,5,7.5,2.46,14
941,41,11,8,0.73,1,27,8,7.5,0.73,14.7
942,46,12,8,0.67,2,26,8,7.5,1.34,15.8
943,49,15,11,0.73,1,18,8,7.5,0.73,14.5
944,53,15,13,0.87,3,28,2,7.5,2.61,16.9
945,47,10,8,0.8,1,26,5,7.5,0.8,15.2
946,38,14,8,0.57,2,20,8,7.5,1.14,12.9
947,40,10,6,0.6,2,10,4,7.5,1.2,10.5
948,42,14,12,0.86,2,18,3,7.5,1.72,12.5
949,49,15,6,0.4,1,15,7,7.5,0.4,13.6
950,46,13,11,0.85,2,16,4,7.5,1.7,13.1
951,44,13,8,0.62,2,20,5,7.5,1.24,13.5
952,46,14,9,0.64,1,23,3,7.5,0.64,13.9
953,51,15,7,0.47,3,30,8,7.5,1.41,17.6
954,42,11,11,1,2,30,3,7.5,2,15
955,36,15,11,0.73,3,23,8,7.5,2.19,13.5
956,53,10,8,0.8,3,12,5,7.5,2.4,14.2
957,35,12,8,0.67,2,14,7,7.5,1.34,11
958,44,13,7,0.54,1,26,2,7.5,0.54,13.9
959,43,12,6,0.5,3,24,7,7.5,1.5,14.6
960,53,11,11,1,1,11,7,7.5,1,13.8
961,46,14,8,0.57,2,17,8,7.5,1.14,13.9
962,54,12,8,0.67,2,21,5,7.5,1.34,15.8
963,52,11,8,0.73,2,23,3,7.5,1.46,15.4
964,50,11,7,0.64,2,14,3,7.5,1.28,13.2
965,38,12,6,0.5,2,11,2,7.5,1,9.8
966,45,10,9,0.9,2,22,8,7.5,1.8,15
967,49,13,7,0.54,1,26,2,7.5,0.54,14.9
968,50,13,9,0.69,2,15,8,7.5,1.38,14.4
969,36,11,9,0.82,3,11,4,7.5,2.46,10.4
970,47,13,7,0.54,3,18,4,7.5,1.62,13.7
971,46,11,6,0.55,2,11,3,7.5,1.1,11.7
972,42,10,6,0.6,1,10,4,7.5,0.6,10.7
973,46,14,11,0.79,2,10,2,7.5,1.58,11.5
974,48,14,6,0.43,2,12,7,7.5,0.86,13
975,37,14,7,0.5,2,20,4,7.5,1,11.9
976,36,15,15,1,2,26,4,7.5,2,13.2
977,51,10,10,1,1,12,3,7.5,1,12.8
978,36,14,7,0.5,3,17,5,7.5,1.5,11.5
979,51,14,7,0.5,3,15,5,7.5,1.5,14
980,36,12,10,0.83,3,23,6,7.5,2.49,13.2
981,36,10,6,0.6,3,30,6,7.5,1.8,14.4
982,47,14,9,0.64,3,10,7,7.5,1.92,12.8
983,41,12,7,0.58,3,17,3,7.5,1.74,12.1
984,43,14,13,0.93,1,11,3,7.5,0.93,11
985,43,11,8,0.73,2,13,7,7.5,1.46,12.4
986,48,15,12,0.8,1,12,5,7.5,0.8,12.6
987,45,14,9,0.64,1,12,3,7.5,0.64,11.5
988,54,15,10,0.67,1,27,8,7.5,0.67,17.3
989,53,12,7,0.58,1,15,2,7.5,0.58,13.5
990,35,11,10,0.91,1,13,3,7.5,0.91,9.8
991,39,10,9,0.9,1,16,4,7.5,0.9,11.4
992,35,10,6,0.6,2,29,3,7.5,1.2,13.1
993,40,10,7,0.7,1,22,5,7.5,0.7,12.9
994,50,14,7,0.5,1,20,2,7.5,0.5,13.8
995,54,12,11,0.92,3,24,6,7.5,2.76,17.2
996,50,10,7,0.7,3,22,2,7.5,2.1,14.9
997,54,12,11,0.92,2,19,2,7.5,1.84,15
998,47,10,6,0.6,1,15,4,7.5,0.6,12.7
999,48,15,9,0.6,3,17,2,7.5,1.8,13.4
1000,45,13,8,0.62,1,29,3,7.5,0.62,14.9
